Student_ID,Name,Class,Math,Science,English,Computer,Social,Average,Grade,Result
ST0001,Sneha Sharma,IT-B,95,51,55,23,73,59.4,D,Fail
ST0002,Meera Iyer,ECE-A,87,30,64,26,94,60.2,C,Fail
ST0003,Aishwarya Singh,IT-A,24,29,92,80,35,52.0,D,Fail
ST0004,Sneha Jain,ECE-A,56,92,72,73,37,66.0,C,Pass
ST0005,Divya Bose,ECE-A,91,97,49,87,78,80.4,A,Pass
ST0006,Vivek Kumar,CSE-B,50,96,79,98,35,71.6,B,Pass
ST0007,Priya Reddy,IT-A,28,76,51,20,25,40.0,F,Fail
ST0008,Nisha Iyer,IT-A,70,44,86,74,76,70.0,B,Pass
ST0009,Sanjay Chopra,IT-A,48,21,86,22,66,48.6,F,Fail
ST0010,Priya Jain,ECE-A,97,83,47,97,67,78.2,B,Pass
ST0011,Nisha Jain,IT-B,59,54,63,57,61,58.8,D,Pass
ST0012,Vivek Iyer,IT-A,60,26,98,20,95,59.8,D,Fail
ST0013,Ajay Bose,ECE-A,30,37,60,57,79,52.6,D,Fail
ST0014,Meera Sharma,CSE-B,42,86,82,48,96,70.8,B,Pass
ST0015,Pooja Kapoor,IT-B,20,61,42,24,23,34.0,F,Fail
ST0016,Rahul Verma,CSE-B,65,58,94,93,21,66.2,C,Fail
ST0017,Kavya Gupta,IT-B,40,60,67,40,78,57.0,D,Pass
ST0018,Rahul Patel,ECE-A,55,94,51,90,46,67.2,C,Pass
ST0019,Divya Menon,CSE-A,73,43,76,86,46,64.8,C,Pass
ST0020,Sneha Yadav,IT-B,76,79,52,66,98,74.2,B,Pass
ST0021,Arjun Chopra,CSE-B,20,65,43,54,91,54.6,D,Fail
ST0022,Meera Kumar,ECE-A,82,38,58,87,26,58.2,D,Fail
ST0023,Ajay Jain,IT-B,73,87,53,88,82,76.6,B,Pass
ST0024,Sneha Menon,CSE-A,74,61,75,20,65,59.0,D,Fail
ST0025,Divya Jain,CSE-A,59,51,47,87,82,65.2,C,Pass
ST0026,Lakshmi Chopra,IT-A,34,58,56,31,31,42.0,F,Fail
ST0027,Arjun Bose,IT-A,40,55,26,79,32,46.4,F,Fail
ST0028,Nisha Reddy,CSE-B,66,55,87,46,62,63.2,C,Pass
ST0029,Ananya Iyer,IT-B,92,22,56,75,36,56.2,D,Fail
ST0030,Lakshmi Reddy,IT-B,72,92,75,42,82,72.6,B,Pass
ST0031,Aishwarya Patel,IT-A,28,27,84,44,100,56.6,D,Fail
ST0032,Karthik Verma,IT-B,93,89,84,40,55,72.2,B,Pass
ST0033,Ajay Yadav,IT-B,71,60,66,80,27,60.8,C,Fail
ST0034,Pooja Yadav,CSE-A,76,87,39,82,88,74.4,B,Pass
ST0035,Arjun Gupta,IT-A,45,32,38,71,99,57.0,D,Fail
ST0036,Meera Reddy,ECE-A,60,68,48,44,55,55.0,D,Pass
ST0037,Naveen Nair,IT-A,54,79,93,74,47,69.4,C,Pass
ST0038,Varun Iyer,ECE-A,82,21,79,65,66,62.6,C,Fail
ST0039,Pooja Mishra,CSE-A,44,79,37,51,95,61.2,C,Pass
ST0040,Karthik Verma,CSE-B,94,24,54,74,49,59.0,D,Fail
ST0041,Varun Iyer,IT-B,57,63,62,24,42,49.6,F,Fail
ST0042,Rahul Kumar,CSE-A,21,46,30,55,35,37.4,F,Fail
ST0043,Aishwarya Kumar,IT-B,26,51,68,68,33,49.2,F,Fail
ST0044,Rahul Menon,CSE-B,53,40,57,77,93,64.0,C,Pass
ST0045,Meera Reddy,CSE-B,36,27,83,58,90,58.8,D,Fail
ST0046,Nisha Bose,CSE-A,62,91,88,99,71,82.2,A,Pass
ST0047,Rahul Gupta,CSE-B,78,69,27,80,56,62.0,C,Fail
ST0048,Rohit Menon,ECE-A,70,86,53,28,48,57.0,D,Fail
ST0049,Ajay Singh,CSE-B,73,63,67,25,86,62.8,C,Fail
ST0050,Meera Singh,IT-B,43,77,75,54,34,56.6,D,Fail
ST0051,Aishwarya Jain,IT-B,44,22,95,58,66,57.0,D,Fail
ST0052,Varun Verma,IT-B,90,89,84,41,65,73.8,B,Pass
ST0053,Akash Kapoor,IT-B,71,21,50,60,71,54.6,D,Fail
ST0054,Akash Menon,ECE-A,89,63,23,24,38,47.4,F,Fail
ST0055,Arjun Iyer,IT-A,52,21,69,61,96,59.8,D,Fail
ST0056,Kavya Agarwal,CSE-A,68,100,88,100,40,79.2,B,Pass
ST0057,Rohit Reddy,IT-B,48,54,49,95,83,65.8,C,Pass
ST0058,Ananya Patel,CSE-B,82,49,78,99,56,72.8,B,Pass
ST0059,Kavya Nair,IT-B,41,27,86,86,46,57.2,D,Fail
ST0060,Vivek Chopra,CSE-B,45,41,94,49,74,60.6,C,Pass
ST0061,Divya Menon,CSE-B,47,63,64,76,48,59.6,D,Pass
ST0062,Karthik Chopra,IT-B,68,77,23,92,39,59.8,D,Fail
ST0063,Ajay Agarwal,ECE-A,90,55,45,48,44,56.4,D,Pass
ST0064,Meera Jain,CSE-B,100,88,46,56,89,75.8,B,Pass
ST0065,Priya Patel,CSE-B,68,96,65,32,82,68.6,C,Fail
ST0066,Varun Verma,IT-B,39,50,83,51,55,55.6,D,Pass
ST0067,Rahul Patel,CSE-B,82,66,70,65,21,60.8,C,Fail
ST0068,Lakshmi Kapoor,CSE-B,80,74,69,42,41,61.2,C,Pass
ST0069,Pooja Mishra,IT-B,68,99,25,64,35,58.2,D,Fail
ST0070,Priya Verma,IT-B,90,81,78,36,37,64.4,C,Pass
ST0071,Sanjay Nair,CSE-A,20,49,34,85,88,55.2,D,Fail
ST0072,Sanjay Patel,ECE-A,32,74,49,25,73,50.6,D,Fail
ST0073,Lakshmi Agarwal,ECE-A,70,35,61,37,49,50.4,D,Pass
ST0074,Naveen Gupta,CSE-B,75,31,56,41,64,53.4,D,Fail
ST0075,Kavya Yadav,ECE-A,81,36,61,52,38,53.6,D,Pass
ST0076,Pooja Jain,CSE-B,51,35,54,49,53,48.4,F,Pass
ST0077,Sanjay Sharma,CSE-A,49,31,25,100,32,47.4,F,Fail
ST0078,Naveen Rao,IT-B,48,27,87,51,62,55.0,D,Fail
ST0079,Rohit Sharma,IT-B,68,22,37,61,81,53.8,D,Fail
ST0080,Sneha Yadav,IT-B,64,35,92,97,41,65.8,C,Pass
ST0081,Lakshmi Iyer,ECE-A,49,49,48,29,71,49.2,F,Fail
ST0082,Ananya Iyer,CSE-A,35,42,96,55,71,59.8,D,Pass
ST0083,Akash Reddy,ECE-A,59,24,78,53,55,53.8,D,Fail
ST0084,Divya Das,ECE-A,38,84,66,92,92,74.4,B,Pass
ST0085,Divya Jain,CSE-A,37,49,36,47,38,41.4,F,Pass
ST0086,Kavya Singh,CSE-A,20,40,41,30,57,37.6,F,Fail
ST0087,Rohit Jain,CSE-A,97,89,87,97,89,91.8,O,Pass
ST0088,Pooja Verma,CSE-A,66,41,88,58,98,70.2,B,Pass
ST0089,Sanjay Chopra,IT-B,85,91,56,66,76,74.8,B,Pass
ST0090,Vivek Gupta,IT-A,57,51,68,38,39,50.6,D,Pass
ST0091,Varun Gupta,IT-A,70,52,32,34,28,43.2,F,Fail
ST0092,Lakshmi Menon,CSE-A,82,35,53,47,51,53.6,D,Pass
ST0093,Arjun Mishra,IT-A,23,95,72,43,23,51.2,D,Fail
ST0094,Sanjay Mishra,IT-A,20,57,70,91,69,61.4,C,Fail
ST0095,Sneha Iyer,CSE-A,27,33,22,28,24,26.8,F,Fail
ST0096,Aishwarya Reddy,IT-A,48,55,61,66,39,53.8,D,Pass
ST0097,Rahul Sharma,ECE-A,74,42,51,52,94,62.6,C,Pass
ST0098,Akash Jain,CSE-B,22,85,70,81,56,62.8,C,Fail
ST0099,Aishwarya Bose,CSE-B,51,21,65,38,41,43.2,F,Fail
ST0100,Aishwarya Sharma,CSE-A,29,92,40,86,77,64.8,C,Fail
ST0101,Divya Kumar,IT-B,93,84,63,93,87,84.0,A,Pass
ST0102,Aishwarya Reddy,CSE-A,53,94,30,59,63,59.8,D,Fail
ST0103,Ananya Rao,IT-B,74,86,87,66,53,73.2,B,Pass
ST0104,Divya Agarwal,CSE-B,51,71,20,84,96,64.4,C,Fail
ST0105,Aishwarya Verma,CSE-A,69,81,82,48,61,68.2,C,Pass
ST0106,Rohit Gupta,ECE-A,26,42,43,69,28,41.6,F,Fail
ST0107,Varun Singh,IT-A,27,45,32,32,26,32.4,F,Fail
ST0108,Akash Bose,IT-B,84,87,30,20,87,61.6,C,Fail
ST0109,Rohit Iyer,IT-A,76,74,70,53,38,62.2,C,Pass
ST0110,Rohit Kapoor,IT-A,86,25,36,67,50,52.8,D,Fail
ST0111,Nisha Patel,CSE-A,78,54,43,96,54,65.0,C,Pass
ST0112,Sneha Kapoor,IT-A,91,41,38,67,76,62.6,C,Pass
ST0113,Arjun Kapoor,ECE-A,73,62,56,68,80,67.8,C,Pass
ST0114,Vivek Mishra,IT-A,86,34,27,83,50,56.0,D,Fail
ST0115,Ananya Patel,CSE-A,70,79,47,80,72,69.6,C,Pass
ST0116,Ananya Menon,ECE-A,27,31,24,48,51,36.2,F,Fail
ST0117,Rahul Patel,CSE-B,53,68,36,58,85,60.0,C,Pass
ST0118,Aishwarya Gupta,IT-A,54,61,55,45,78,58.6,D,Pass
ST0119,Nisha Jain,CSE-A,97,57,38,36,29,51.4,D,Fail
ST0120,Ajay Singh,CSE-B,51,64,83,90,21,61.8,C,Fail
ST0121,Vivek Nair,CSE-B,65,54,30,32,85,53.2,D,Fail
ST0122,Meera Mishra,IT-B,35,49,73,88,79,64.8,C,Pass
ST0123,Aishwarya Reddy,ECE-A,87,49,64,45,36,56.2,D,Pass
ST0124,Ajay Jain,IT-A,56,97,66,68,35,64.4,C,Pass
ST0125,Sneha Kumar,CSE-A,73,25,31,86,35,50.0,D,Fail
ST0126,Varun Sharma,IT-B,33,86,40,26,65,50.0,D,Fail
ST0127,Divya Iyer,ECE-A,74,99,30,77,58,67.6,C,Fail
ST0128,Pooja Kapoor,IT-B,67,26,24,68,50,47.0,F,Fail
ST0129,Rohit Das,ECE-A,26,71,100,72,20,57.8,D,Fail
ST0130,Nisha Menon,ECE-A,93,33,75,84,30,63.0,C,Fail
ST0131,Ananya Nair,IT-A,26,92,39,81,23,52.2,D,Fail
ST0132,Karthik Sharma,ECE-A,52,34,60,36,90,54.4,D,Fail
ST0133,Karthik Verma,IT-B,42,40,65,62,45,50.8,D,Pass
ST0134,Ajay Joshi,ECE-A,38,54,31,44,69,47.2,F,Fail
ST0135,Vivek Jain,IT-A,38,85,89,22,31,53.0,D,Fail
ST0136,Rohit Singh,IT-A,55,21,36,98,100,62.0,C,Fail
ST0137,Nisha Joshi,IT-B,48,54,38,48,94,56.4,D,Pass
ST0138,Nisha Kumar,CSE-B,79,97,45,51,84,71.2,B,Pass
ST0139,Akash Jain,CSE-B,21,39,67,45,66,47.6,F,Fail
ST0140,Ananya Rao,ECE-A,20,29,71,35,72,45.4,F,Fail
ST0141,Ananya Kumar,CSE-A,66,44,89,44,90,66.6,C,Pass
ST0142,Akash Das,ECE-A,88,85,74,73,21,68.2,C,Fail
ST0143,Sanjay Agarwal,IT-B,39,44,94,47,43,53.4,D,Pass
ST0144,Pooja Kumar,IT-B,30,73,52,92,23,54.0,D,Fail
ST0145,Sanjay Reddy,IT-B,21,52,81,75,38,53.4,D,Fail
ST0146,Pooja Reddy,IT-B,86,55,42,84,45,62.4,C,Pass
ST0147,Naveen Reddy,IT-B,31,33,34,99,94,58.2,D,Fail
ST0148,Aishwarya Menon,IT-A,39,84,46,60,59,57.6,D,Pass
ST0149,Sneha Bose,CSE-B,24,99,94,70,69,71.2,B,Fail
ST0150,Aishwarya Bose,IT-B,56,73,83,90,62,72.8,B,Pass
ST0151,Naveen Kumar,CSE-A,57,71,100,97,94,83.8,A,Pass
ST0152,Naveen Reddy,CSE-A,28,22,70,48,86,50.8,D,Fail
ST0153,Vivek Bose,CSE-A,72,60,72,38,31,54.6,D,Fail
ST0154,Akash Agarwal,CSE-A,63,25,97,85,86,71.2,B,Fail
ST0155,Rahul Verma,IT-A,43,44,70,60,46,52.6,D,Pass
ST0156,Nisha Rao,CSE-A,100,32,66,64,73,67.0,C,Fail
ST0157,Aishwarya Verma,IT-B,93,27,23,34,85,52.4,D,Fail
ST0158,Karthik Singh,ECE-A,49,40,26,22,68,41.0,F,Fail
ST0159,Lakshmi Mishra,CSE-A,78,87,54,30,35,56.8,D,Fail
ST0160,Rahul Reddy,IT-A,100,44,67,72,21,60.8,C,Fail
ST0161,Priya Mishra,IT-A,100,98,92,65,79,86.8,A,Pass
ST0162,Naveen Bose,CSE-A,33,87,91,49,73,66.6,C,Fail
ST0163,Sneha Reddy,ECE-A,28,64,64,76,49,56.2,D,Fail
ST0164,Varun Gupta,CSE-A,59,79,100,37,57,66.4,C,Pass
ST0165,Sanjay Verma,IT-A,85,31,100,70,47,66.6,C,Fail
ST0166,Kavya Yadav,CSE-B,44,51,91,67,44,59.4,D,Pass
ST0167,Divya Iyer,IT-B,92,32,38,85,29,55.2,D,Fail
ST0168,Arjun Joshi,IT-A,41,50,82,27,79,55.8,D,Fail
ST0169,Pooja Mishra,CSE-A,23,97,57,41,61,55.8,D,Fail
ST0170,Varun Joshi,IT-B,45,39,86,25,59,50.8,D,Fail
ST0171,Naveen Agarwal,CSE-A,77,37,78,95,96,76.6,B,Pass
ST0172,Priya Jain,CSE-A,48,79,88,76,61,70.4,B,Pass
ST0173,Lakshmi Patel,CSE-B,56,82,32,55,66,58.2,D,Fail
ST0174,Kavya Verma,IT-B,94,25,66,98,56,67.8,C,Fail
ST0175,Sneha Patel,IT-B,89,51,80,76,99,79.0,B,Pass
ST0176,Varun Singh,CSE-B,37,62,50,68,41,51.6,D,Pass
ST0177,Meera Joshi,IT-A,61,21,99,64,76,64.2,C,Fail
ST0178,Naveen Gupta,CSE-A,60,79,41,85,46,62.2,C,Pass
ST0179,Rahul Gupta,ECE-A,57,42,62,96,60,63.4,C,Pass
ST0180,Meera Agarwal,CSE-A,53,50,86,64,99,70.4,B,Pass
ST0181,Rohit Verma,CSE-A,36,24,73,98,53,56.8,D,Fail
ST0182,Ananya Reddy,IT-A,56,53,29,39,51,45.6,F,Fail
ST0183,Vivek Verma,CSE-A,44,29,61,83,85,60.4,C,Fail
ST0184,Ananya Sharma,CSE-B,95,21,83,86,31,63.2,C,Fail
ST0185,Rahul Singh,CSE-B,46,30,40,22,59,39.4,F,Fail
ST0186,Meera Nair,IT-B,76,69,99,73,92,81.8,A,Pass
ST0187,Ajay Jain,ECE-A,50,50,95,97,95,77.4,B,Pass
ST0188,Vivek Jain,CSE-A,25,75,85,83,92,72.0,B,Fail
ST0189,Priya Patel,CSE-A,59,98,60,59,29,61.0,C,Fail
ST0190,Divya Singh,IT-A,31,92,43,78,67,62.2,C,Fail
ST0191,Varun Kumar,CSE-B,72,28,54,74,39,53.4,D,Fail
ST0192,Arjun Bose,ECE-A,90,40,75,81,58,68.8,C,Pass
ST0193,Varun Singh,IT-B,29,92,49,23,79,54.4,D,Fail
ST0194,Vivek Singh,CSE-B,64,47,76,79,85,70.2,B,Pass
ST0195,Ananya Joshi,IT-B,36,81,66,94,84,72.2,B,Pass
ST0196,Arjun Kumar,IT-A,45,26,54,49,70,48.8,F,Fail
ST0197,Arjun Gupta,IT-A,81,99,38,21,55,58.8,D,Fail
ST0198,Aishwarya Patel,CSE-A,65,35,27,81,43,50.2,D,Fail
ST0199,Arjun Jain,ECE-A,83,23,45,68,46,53.0,D,Fail
ST0200,Vivek Chopra,IT-B,21,23,90,28,21,36.6,F,Fail
ST0201,Kavya Iyer,CSE-B,73,59,49,50,50,56.2,D,Pass
ST0202,Pooja Nair,IT-A,84,36,26,80,76,60.4,C,Fail
ST0203,Vivek Sharma,CSE-A,70,71,86,98,97,84.4,A,Pass
ST0204,Pooja Rao,CSE-A,72,71,84,67,85,75.8,B,Pass
ST0205,Vivek Iyer,IT-B,55,55,55,44,48,51.4,D,Pass
ST0206,Meera Nair,IT-A,45,57,44,55,34,47.0,F,Fail
ST0207,Sneha Menon,ECE-A,48,69,56,27,31,46.2,F,Fail
ST0208,Ananya Das,IT-A,40,82,20,92,47,56.2,D,Fail
ST0209,Aishwarya Gupta,IT-B,30,82,34,77,43,53.2,D,Fail
ST0210,Ajay Yadav,IT-B,59,81,56,64,40,60.0,C,Pass
ST0211,Lakshmi Iyer,IT-A,30,26,32,81,29,39.6,F,Fail
ST0212,Aishwarya Sharma,IT-B,55,46,27,58,97,56.6,D,Fail
ST0213,Nisha Menon,IT-A,78,33,24,77,37,49.8,F,Fail
ST0214,Rahul Verma,CSE-B,58,90,79,100,33,72.0,B,Fail
ST0215,Divya Verma,IT-A,73,24,92,83,53,65.0,C,Fail
ST0216,Arjun Agarwal,IT-A,74,74,20,63,77,61.6,C,Fail
ST0217,Karthik Jain,IT-B,43,21,55,48,95,52.4,D,Fail
ST0218,Rahul Sharma,IT-B,41,81,54,78,41,59.0,D,Pass
ST0219,Sneha Verma,CSE-A,88,40,85,90,89,78.4,B,Pass
ST0220,Pooja Bose,CSE-A,75,98,82,28,55,67.6,C,Fail
ST0221,Meera Kumar,CSE-B,52,40,42,25,64,44.6,F,Fail
ST0222,Sneha Chopra,CSE-A,55,29,28,48,55,43.0,F,Fail
ST0223,Vivek Yadav,IT-A,39,77,53,77,41,57.4,D,Pass
ST0224,Rahul Kapoor,IT-B,100,58,65,36,97,71.2,B,Pass
ST0225,Naveen Agarwal,CSE-A,81,24,97,35,99,67.2,C,Fail
ST0226,Sneha Menon,CSE-A,92,84,23,22,80,60.2,C,Fail
ST0227,Akash Gupta,CSE-B,45,32,49,40,75,48.2,F,Fail
ST0228,Meera Kumar,CSE-B,85,72,94,83,52,77.2,B,Pass
ST0229,Vivek Sharma,IT-A,92,64,91,55,64,73.2,B,Pass
ST0230,Sanjay Jain,IT-B,92,51,22,81,55,60.2,C,Fail
ST0231,Nisha Yadav,CSE-B,59,55,33,61,39,49.4,F,Fail
ST0232,Vivek Reddy,CSE-A,36,100,79,95,37,69.4,C,Pass
ST0233,Rahul Chopra,IT-B,20,79,96,61,57,62.6,C,Fail
ST0234,Rahul Patel,IT-B,80,30,64,80,86,68.0,C,Fail
ST0235,Lakshmi Agarwal,CSE-A,62,82,53,32,42,54.2,D,Fail
ST0236,Lakshmi Kapoor,CSE-B,61,40,64,30,35,46.0,F,Fail
ST0237,Rahul Menon,CSE-A,44,71,80,73,78,69.2,C,Pass
ST0238,Lakshmi Jain,IT-B,58,74,35,35,88,58.0,D,Pass
ST0239,Kavya Gupta,ECE-A,54,45,85,27,87,59.6,D,Fail
ST0240,Vivek Menon,ECE-A,22,87,59,78,40,57.2,D,Fail
ST0241,Pooja Chopra,IT-A,63,53,36,76,97,65.0,C,Pass
ST0242,Akash Joshi,CSE-A,70,71,53,59,97,70.0,B,Pass
ST0243,Karthik Jain,CSE-A,31,71,35,78,89,60.8,C,Fail
ST0244,Priya Joshi,IT-A,38,48,79,21,31,43.4,F,Fail
ST0245,Lakshmi Gupta,IT-A,63,57,85,95,35,67.0,C,Pass
ST0246,Vivek Bose,IT-A,78,61,85,29,100,70.6,B,Fail
ST0247,Naveen Rao,IT-B,68,40,32,63,33,47.2,F,Fail
ST0248,Ajay Mishra,CSE-A,80,61,75,30,80,65.2,C,Fail
ST0249,Ajay Gupta,IT-B,36,32,50,98,90,61.2,C,Fail
ST0250,Sanjay Das,IT-A,93,83,53,99,65,78.6,B,Pass
ST0251,Pooja Reddy,CSE-A,76,36,58,100,51,64.2,C,Pass
ST0252,Lakshmi Agarwal,IT-B,74,28,86,21,34,48.6,F,Fail
ST0253,Naveen Rao,IT-B,66,60,27,69,63,57.0,D,Fail
ST0254,Divya Iyer,IT-A,31,20,97,31,36,43.0,F,Fail
ST0255,Lakshmi Iyer,CSE-A,81,21,74,42,60,55.6,D,Fail
ST0256,Nisha Singh,IT-A,99,79,46,37,73,66.8,C,Pass
ST0257,Priya Kumar,CSE-A,27,67,72,81,63,62.0,C,Fail
ST0258,Aishwarya Das,ECE-A,40,48,58,81,24,50.2,D,Fail
ST0259,Naveen Reddy,CSE-B,100,29,84,57,46,63.2,C,Fail
ST0260,Ajay Kapoor,CSE-B,99,77,36,86,97,79.0,B,Pass
ST0261,Akash Gupta,CSE-B,89,79,49,57,98,74.4,B,Pass
ST0262,Karthik Das,IT-A,91,40,72,86,62,70.2,B,Pass
ST0263,Karthik Iyer,ECE-A,44,47,32,80,50,50.6,D,Fail
ST0264,Kavya Sharma,CSE-A,31,94,40,20,36,44.2,F,Fail
ST0265,Sneha Kapoor,IT-B,34,53,38,64,73,52.4,D,Fail
ST0266,Aishwarya Nair,CSE-A,78,27,72,47,81,61.0,C,Fail
ST0267,Sanjay Mishra,IT-B,45,78,38,40,51,50.4,D,Pass
ST0268,Ananya Jain,CSE-A,45,91,76,32,59,60.6,C,Fail
ST0269,Aishwarya Patel,ECE-A,66,68,44,46,32,51.2,D,Fail
ST0270,Ajay Singh,IT-B,51,98,50,26,54,55.8,D,Fail
ST0271,Ajay Agarwal,IT-A,29,36,100,41,24,46.0,F,Fail
ST0272,Varun Chopra,CSE-A,35,79,74,93,92,74.6,B,Pass
ST0273,Rahul Mishra,CSE-A,90,64,42,72,48,63.2,C,Pass
ST0274,Naveen Agarwal,IT-B,36,88,51,98,89,72.4,B,Pass
ST0275,Vivek Jain,IT-A,42,51,81,98,44,63.2,C,Pass
ST0276,Ajay Nair,IT-A,45,63,93,23,41,53.0,D,Fail
ST0277,Rohit Mishra,ECE-A,26,84,29,42,85,53.2,D,Fail
ST0278,Meera Iyer,IT-A,33,27,91,89,64,60.8,C,Fail
ST0279,Meera Agarwal,IT-A,98,96,73,95,88,90.0,O,Pass
ST0280,Rohit Iyer,IT-A,26,91,71,52,91,66.2,C,Fail
ST0281,Meera Mishra,CSE-B,28,62,39,47,20,39.2,F,Fail
ST0282,Divya Joshi,ECE-A,67,20,51,27,63,45.6,F,Fail
ST0283,Aishwarya Verma,CSE-A,91,70,33,20,94,61.6,C,Fail
ST0284,Rahul Rao,IT-B,78,43,69,56,58,60.8,C,Pass
ST0285,Varun Reddy,CSE-A,58,43,47,82,73,60.6,C,Pass
ST0286,Kavya Singh,ECE-A,37,36,72,41,94,56.0,D,Pass
ST0287,Aishwarya Menon,IT-B,78,24,43,89,48,56.4,D,Fail
ST0288,Kavya Gupta,ECE-A,36,39,98,40,73,57.2,D,Pass
ST0289,Divya Kapoor,IT-A,33,40,41,54,35,40.6,F,Fail
ST0290,Vivek Rao,IT-B,50,77,49,98,39,62.6,C,Pass
ST0291,Varun Mishra,IT-A,43,50,82,24,65,52.8,D,Fail
ST0292,Vivek Kumar,CSE-A,79,30,23,79,86,59.4,D,Fail
ST0293,Nisha Kapoor,CSE-A,64,71,96,65,84,76.0,B,Pass
ST0294,Karthik Bose,IT-B,22,34,78,69,77,56.0,D,Fail
ST0295,Priya Bose,IT-B,56,26,27,67,72,49.6,F,Fail
ST0296,Karthik Das,ECE-A,62,47,31,25,20,37.0,F,Fail
ST0297,Priya Yadav,ECE-A,59,70,50,75,100,70.8,B,Pass
ST0298,Lakshmi Menon,IT-A,74,77,97,78,85,82.2,A,Pass
ST0299,Vivek Jain,IT-B,58,24,53,48,48,46.2,F,Fail
ST0300,Varun Chopra,CSE-A,34,24,94,90,89,66.2,C,Fail
ST0301,Aishwarya Das,ECE-A,23,27,95,96,27,53.6,D,Fail
ST0302,Aishwarya Verma,ECE-A,44,83,68,37,48,56.0,D,Pass
ST0303,Vivek Das,CSE-A,32,29,98,21,70,50.0,D,Fail
ST0304,Priya Menon,ECE-A,52,57,76,27,52,52.8,D,Fail
ST0305,Rahul Menon,IT-A,35,100,45,94,22,59.2,D,Fail
ST0306,Pooja Mishra,IT-B,61,27,37,73,79,55.4,D,Fail
ST0307,Kavya Chopra,CSE-A,85,44,57,57,54,59.4,D,Pass
ST0308,Varun Sharma,IT-B,74,92,100,67,88,84.2,A,Pass
ST0309,Karthik Bose,ECE-A,61,85,69,46,95,71.2,B,Pass
ST0310,Akash Sharma,ECE-A,53,98,27,39,39,51.2,D,Fail
ST0311,Divya Kapoor,CSE-A,49,69,60,31,92,60.2,C,Fail
ST0312,Kavya Mishra,IT-A,32,86,25,62,58,52.6,D,Fail
ST0313,Pooja Kumar,CSE-B,32,68,88,80,23,58.2,D,Fail
ST0314,Meera Menon,CSE-A,37,55,63,50,38,48.6,F,Pass
ST0315,Rahul Gupta,CSE-B,51,87,83,80,64,73.0,B,Pass
ST0316,Ajay Rao,CSE-B,58,97,48,93,62,71.6,B,Pass
ST0317,Rahul Menon,IT-A,65,60,47,86,32,58.0,D,Fail
ST0318,Meera Kapoor,CSE-B,48,81,30,54,32,49.0,F,Fail
ST0319,Meera Reddy,CSE-B,81,29,84,34,79,61.4,C,Fail
ST0320,Rohit Sharma,IT-A,81,40,38,35,76,54.0,D,Pass
ST0321,Varun Kumar,CSE-B,76,55,28,32,71,52.4,D,Fail
ST0322,Arjun Iyer,CSE-B,35,31,46,54,72,47.6,F,Fail
ST0323,Divya Kumar,CSE-B,75,21,53,94,62,61.0,C,Fail
ST0324,Priya Iyer,CSE-A,29,32,63,78,91,58.6,D,Fail
ST0325,Nisha Sharma,CSE-A,49,72,87,40,91,67.8,C,Pass
ST0326,Naveen Singh,CSE-A,44,51,34,73,61,52.6,D,Fail
ST0327,Aishwarya Singh,IT-A,24,35,70,94,45,53.6,D,Fail
ST0328,Rohit Patel,ECE-A,84,51,32,49,42,51.6,D,Fail
ST0329,Akash Gupta,CSE-B,68,51,68,67,62,63.2,C,Pass
ST0330,Ajay Verma,CSE-B,22,30,89,54,96,58.2,D,Fail
ST0331,Arjun Nair,IT-A,64,29,75,57,47,54.4,D,Fail
ST0332,Naveen Chopra,CSE-B,33,34,95,50,28,48.0,F,Fail
ST0333,Sneha Nair,CSE-A,49,36,70,97,39,58.2,D,Pass
ST0334,Lakshmi Patel,ECE-A,87,59,56,43,75,64.0,C,Pass
ST0335,Akash Sharma,IT-B,37,37,36,68,58,47.2,F,Pass
ST0336,Lakshmi Bose,CSE-B,81,74,77,51,70,70.6,B,Pass
ST0337,Karthik Menon,CSE-A,56,92,48,74,31,60.2,C,Fail
ST0338,Nisha Reddy,IT-B,44,44,52,98,98,67.2,C,Pass
ST0339,Akash Iyer,ECE-A,67,78,79,77,74,75.0,B,Pass
ST0340,Sneha Joshi,IT-B,84,97,74,22,97,74.8,B,Fail
ST0341,Naveen Patel,CSE-A,72,41,29,99,30,54.2,D,Fail
ST0342,Akash Kumar,IT-B,98,49,66,88,45,69.2,C,Pass
ST0343,Arjun Jain,IT-A,92,63,42,29,61,57.4,D,Fail
ST0344,Vivek Yadav,IT-B,34,51,40,44,46,43.0,F,Fail
ST0345,Divya Agarwal,CSE-B,68,70,32,87,30,57.4,D,Fail
ST0346,Rahul Sharma,CSE-B,87,65,52,80,57,68.2,C,Pass
ST0347,Vivek Das,IT-A,31,40,43,48,62,44.8,F,Fail
ST0348,Sneha Kapoor,CSE-A,78,51,30,38,38,47.0,F,Fail
ST0349,Arjun Mishra,CSE-B,56,58,36,62,83,59.0,D,Pass
ST0350,Kavya Kapoor,ECE-A,80,31,87,85,25,61.6,C,Fail
ST0351,Pooja Agarwal,CSE-B,62,66,66,93,65,70.4,B,Pass
ST0352,Meera Chopra,CSE-B,89,37,44,80,61,62.2,C,Pass
ST0353,Varun Das,CSE-A,58,40,92,62,84,67.2,C,Pass
ST0354,Ajay Kapoor,IT-B,75,32,40,44,91,56.4,D,Fail
ST0355,Akash Verma,CSE-B,82,40,31,39,78,54.0,D,Fail
ST0356,Rahul Iyer,IT-A,65,27,56,67,71,57.2,D,Fail
ST0357,Divya Verma,IT-B,30,65,61,43,66,53.0,D,Fail
ST0358,Ajay Iyer,ECE-A,81,26,36,30,26,39.8,F,Fail
ST0359,Ajay Bose,CSE-A,96,42,67,74,30,61.8,C,Fail
ST0360,Naveen Menon,ECE-A,44,94,47,47,80,62.4,C,Pass
ST0361,Rahul Sharma,IT-B,90,41,60,88,87,73.2,B,Pass
ST0362,Rohit Rao,IT-B,71,41,66,82,44,60.8,C,Pass
ST0363,Pooja Das,IT-B,23,48,37,78,31,43.4,F,Fail
ST0364,Nisha Yadav,ECE-A,78,32,97,24,45,55.2,D,Fail
ST0365,Meera Rao,IT-B,91,21,90,70,31,60.6,C,Fail
ST0366,Meera Chopra,ECE-A,39,48,32,40,62,44.2,F,Fail
ST0367,Meera Jain,IT-B,82,98,32,31,70,62.6,C,Fail
ST0368,Priya Agarwal,IT-A,73,71,50,69,56,63.8,C,Pass
ST0369,Nisha Reddy,IT-B,93,46,21,23,65,49.6,F,Fail
ST0370,Aishwarya Kapoor,ECE-A,76,69,35,61,72,62.6,C,Pass
ST0371,Rohit Jain,CSE-B,60,98,28,57,99,68.4,C,Fail
ST0372,Aishwarya Das,IT-B,22,42,92,44,32,46.4,F,Fail
ST0373,Rohit Mishra,CSE-B,25,63,57,33,73,50.2,D,Fail
ST0374,Priya Reddy,IT-A,24,96,94,94,76,76.8,B,Fail
ST0375,Lakshmi Iyer,CSE-A,24,41,73,51,23,42.4,F,Fail
ST0376,Karthik Iyer,IT-A,73,62,75,30,94,66.8,C,Fail
ST0377,Lakshmi Bose,IT-B,66,56,64,80,68,66.8,C,Pass
ST0378,Arjun Das,CSE-B,68,80,53,37,26,52.8,D,Fail
ST0379,Varun Agarwal,CSE-B,28,75,28,46,30,41.4,F,Fail
ST0380,Arjun Kapoor,ECE-A,39,22,27,74,73,47.0,F,Fail
ST0381,Varun Rao,CSE-B,80,82,26,73,64,65.0,C,Fail
ST0382,Arjun Mishra,ECE-A,54,38,55,94,42,56.6,D,Pass
ST0383,Meera Joshi,CSE-A,69,42,37,40,47,47.0,F,Pass
ST0384,Meera Iyer,IT-B,81,48,22,63,76,58.0,D,Fail
ST0385,Sneha Gupta,ECE-A,36,49,47,24,45,40.2,F,Fail
ST0386,Rahul Patel,CSE-A,22,58,89,60,44,54.6,D,Fail
ST0387,Varun Nair,CSE-B,51,44,63,78,73,61.8,C,Pass
ST0388,Nisha Gupta,CSE-B,32,27,40,73,48,44.0,F,Fail
ST0389,Rohit Verma,CSE-A,92,77,47,93,55,72.8,B,Pass
ST0390,Akash Agarwal,CSE-B,87,35,73,41,33,53.8,D,Fail
ST0391,Naveen Joshi,CSE-A,33,91,73,84,97,75.6,B,Fail
ST0392,Sneha Gupta,ECE-A,30,20,84,83,54,54.2,D,Fail
ST0393,Lakshmi Iyer,ECE-A,75,24,40,90,49,55.6,D,Fail
ST0394,Arjun Nair,CSE-A,86,22,32,23,36,39.8,F,Fail
ST0395,Lakshmi Sharma,ECE-A,48,84,76,84,86,75.6,B,Pass
ST0396,Varun Singh,ECE-A,28,23,68,34,99,50.4,D,Fail
ST0397,Meera Kumar,ECE-A,86,83,73,95,49,77.2,B,Pass
ST0398,Ananya Jain,IT-A,44,29,29,41,64,41.4,F,Fail
ST0399,Lakshmi Singh,IT-B,95,40,72,66,98,74.2,B,Pass
ST0400,Rohit Patel,CSE-B,61,65,63,100,70,71.8,B,Pass
ST0401,Priya Bose,IT-A,28,46,66,65,66,54.2,D,Fail
ST0402,Lakshmi Das,ECE-A,98,85,72,33,72,72.0,B,Fail
ST0403,Rohit Mishra,CSE-A,59,60,93,69,83,72.8,B,Pass
ST0404,Rahul Nair,ECE-A,44,32,65,39,57,47.4,F,Fail
ST0405,Ananya Verma,IT-B,24,28,32,69,83,47.2,F,Fail
ST0406,Rohit Patel,ECE-A,30,55,56,52,26,43.8,F,Fail
ST0407,Divya Menon,CSE-A,78,77,43,78,41,63.4,C,Pass
ST0408,Rohit Reddy,IT-B,98,73,21,62,100,70.8,B,Fail
ST0409,Akash Kumar,ECE-A,57,31,100,98,60,69.2,C,Fail
ST0410,Kavya Singh,IT-B,91,100,33,31,93,69.6,C,Fail
ST0411,Akash Joshi,CSE-B,24,97,29,59,29,47.6,F,Fail
ST0412,Divya Iyer,CSE-B,67,33,54,39,76,53.8,D,Fail
ST0413,Sneha Jain,ECE-A,37,53,44,57,26,43.4,F,Fail
ST0414,Vivek Chopra,IT-B,89,72,22,22,69,54.8,D,Fail
ST0415,Naveen Chopra,CSE-A,56,39,36,47,71,49.8,F,Pass
ST0416,Aishwarya Agarwal,ECE-A,79,94,31,75,52,66.2,C,Fail
ST0417,Karthik Mishra,CSE-B,67,35,73,32,20,45.4,F,Fail
ST0418,Ajay Joshi,CSE-B,96,89,43,96,72,79.2,B,Pass
ST0419,Akash Kapoor,ECE-A,47,75,48,85,79,66.8,C,Pass
ST0420,Lakshmi Bose,IT-B,88,77,62,56,53,67.2,C,Pass
ST0421,Naveen Kumar,CSE-B,96,23,44,68,23,50.8,D,Fail
ST0422,Naveen Patel,IT-B,100,23,79,85,36,64.6,C,Fail
ST0423,Nisha Gupta,CSE-B,59,39,84,55,23,52.0,D,Fail
ST0424,Meera Reddy,CSE-B,64,29,47,73,62,55.0,D,Fail
ST0425,Pooja Iyer,IT-A,81,43,35,45,23,45.4,F,Fail
ST0426,Pooja Jain,CSE-B,77,45,66,94,20,60.4,C,Fail
ST0427,Divya Nair,CSE-A,86,56,100,91,90,84.6,A,Pass
ST0428,Priya Kapoor,ECE-A,75,73,77,59,69,70.6,B,Pass
ST0429,Ajay Chopra,ECE-A,59,40,95,62,92,69.6,C,Pass
ST0430,Rohit Joshi,IT-B,59,93,46,41,80,63.8,C,Pass
ST0431,Ananya Iyer,CSE-B,96,57,72,39,54,63.6,C,Pass
ST0432,Lakshmi Joshi,CSE-A,52,65,61,27,27,46.4,F,Fail
ST0433,Ajay Reddy,IT-B,25,23,78,48,43,43.4,F,Fail
ST0434,Aishwarya Verma,IT-A,38,79,66,59,55,59.4,D,Pass
ST0435,Akash Gupta,IT-B,99,76,53,49,69,69.2,C,Pass
ST0436,Vivek Patel,IT-B,59,64,56,100,62,68.2,C,Pass
ST0437,Varun Iyer,CSE-B,78,39,25,74,46,52.4,D,Fail
ST0438,Kavya Verma,IT-A,78,36,26,35,51,45.2,F,Fail
ST0439,Kavya Reddy,IT-B,67,90,44,65,97,72.6,B,Pass
ST0440,Ananya Nair,CSE-A,60,23,52,81,37,50.6,D,Fail
ST0441,Lakshmi Chopra,CSE-A,32,33,74,26,47,42.4,F,Fail
ST0442,Akash Joshi,ECE-A,64,22,77,99,48,62.0,C,Fail
ST0443,Ajay Patel,IT-A,72,99,26,64,35,59.2,D,Fail
ST0444,Ajay Joshi,IT-A,61,77,76,78,66,71.6,B,Pass
ST0445,Karthik Verma,ECE-A,82,74,31,75,78,68.0,C,Fail
ST0446,Sanjay Jain,IT-B,46,23,35,67,50,44.2,F,Fail
ST0447,Rohit Mishra,IT-A,57,43,99,46,23,53.6,D,Fail
ST0448,Divya Chopra,CSE-A,79,53,62,72,56,64.4,C,Pass
ST0449,Ananya Kapoor,CSE-A,26,49,96,92,36,59.8,D,Fail
ST0450,Rahul Chopra,CSE-B,24,38,26,54,58,40.0,F,Fail
ST0451,Meera Sharma,IT-A,64,50,70,70,67,64.2,C,Pass
ST0452,Divya Iyer,IT-B,77,79,92,56,65,73.8,B,Pass
ST0453,Akash Bose,ECE-A,50,79,51,100,67,69.4,C,Pass
ST0454,Priya Verma,ECE-A,42,38,94,76,58,61.6,C,Pass
ST0455,Akash Kumar,IT-B,61,68,27,27,23,41.2,F,Fail
ST0456,Pooja Das,CSE-B,29,82,91,98,49,69.8,C,Fail
ST0457,Sanjay Mishra,ECE-A,51,41,64,39,49,48.8,F,Pass
ST0458,Meera Nair,IT-A,72,43,78,72,41,61.2,C,Pass
ST0459,Akash Kapoor,CSE-B,49,95,23,31,94,58.4,D,Fail
ST0460,Rohit Reddy,IT-A,58,49,86,68,85,69.2,C,Pass
ST0461,Rohit Yadav,CSE-A,50,77,48,36,31,48.4,F,Fail
ST0462,Vivek Rao,CSE-B,21,50,48,83,55,51.4,D,Fail
ST0463,Rahul Patel,ECE-A,97,83,47,61,37,65.0,C,Pass
ST0464,Pooja Rao,CSE-B,96,38,96,48,72,70.0,B,Pass
ST0465,Vivek Das,CSE-B,31,67,98,38,90,64.8,C,Fail
ST0466,Lakshmi Menon,CSE-B,58,64,63,30,20,47.0,F,Fail
ST0467,Varun Kumar,CSE-B,85,74,23,69,77,65.6,C,Fail
ST0468,Ajay Reddy,IT-A,32,74,28,90,25,49.8,F,Fail
ST0469,Rahul Verma,CSE-A,65,37,24,77,89,58.4,D,Fail
ST0470,Rahul Patel,IT-B,46,82,75,53,63,63.8,C,Pass
ST0471,Karthik Agarwal,CSE-B,36,66,69,39,91,60.2,C,Pass
ST0472,Priya Jain,ECE-A,79,94,94,69,43,75.8,B,Pass
ST0473,Ajay Kapoor,CSE-B,83,76,34,29,38,52.0,D,Fail
ST0474,Ananya Gupta,ECE-A,54,64,51,51,37,51.4,D,Pass
ST0475,Sanjay Yadav,IT-A,89,52,47,71,49,61.6,C,Pass
ST0476,Naveen Das,ECE-A,49,36,41,34,61,44.2,F,Fail
ST0477,Ajay Kumar,IT-B,90,89,36,22,52,57.8,D,Fail
ST0478,Nisha Verma,CSE-A,93,23,78,56,93,68.6,C,Fail
ST0479,Varun Singh,ECE-A,82,39,90,59,31,60.2,C,Fail
ST0480,Lakshmi Mishra,ECE-A,47,66,76,91,46,65.2,C,Pass
ST0481,Rohit Patel,CSE-A,79,34,45,59,58,55.0,D,Fail
ST0482,Priya Chopra,IT-B,98,89,44,75,28,66.8,C,Fail
ST0483,Aishwarya Nair,CSE-B,56,66,29,42,40,46.6,F,Fail
ST0484,Lakshmi Jain,ECE-A,41,97,64,30,95,65.4,C,Fail
ST0485,Priya Jain,CSE-A,87,94,30,83,48,68.4,C,Fail
ST0486,Vivek Reddy,IT-A,39,28,96,27,52,48.4,F,Fail
ST0487,Aishwarya Patel,CSE-A,87,35,72,75,81,70.0,B,Pass
ST0488,Ajay Patel,IT-A,83,88,91,79,34,75.0,B,Fail
ST0489,Kavya Das,IT-B,36,80,87,29,21,50.6,D,Fail
ST0490,Lakshmi Agarwal,CSE-B,31,29,47,58,71,47.2,F,Fail
ST0491,Meera Kapoor,CSE-A,41,69,94,47,63,62.8,C,Pass
ST0492,Rohit Das,ECE-A,36,22,84,68,73,56.6,D,Fail
ST0493,Aishwarya Mishra,IT-B,29,96,68,55,37,57.0,D,Fail
ST0494,Varun Singh,CSE-A,84,89,66,32,22,58.6,D,Fail
ST0495,Karthik Gupta,ECE-A,41,100,71,55,26,58.6,D,Fail
ST0496,Naveen Agarwal,CSE-A,69,70,73,45,62,63.8,C,Pass
ST0497,Kavya Reddy,IT-A,33,38,79,23,57,46.0,F,Fail
ST0498,Meera Kapoor,CSE-A,83,61,76,83,56,71.8,B,Pass
ST0499,Rahul Agarwal,CSE-A,66,54,66,57,77,64.0,C,Pass
ST0500,Meera Sharma,CSE-A,48,65,50,41,52,51.2,D,Pass
ST0501,Lakshmi Joshi,IT-B,95,45,65,21,78,60.8,C,Fail
ST0502,Akash Bose,CSE-A,55,88,45,50,30,53.6,D,Fail
ST0503,Rohit Singh,ECE-A,71,83,24,30,87,59.0,D,Fail
ST0504,Ajay Jain,IT-A,95,56,71,65,87,74.8,B,Pass
ST0505,Rohit Yadav,IT-A,26,68,94,81,41,62.0,C,Fail
ST0506,Rahul Jain,CSE-A,48,40,73,88,85,66.8,C,Pass
ST0507,Varun Menon,IT-B,30,93,52,83,63,64.2,C,Fail
ST0508,Ajay Rao,IT-B,52,83,69,29,25,51.6,D,Fail
ST0509,Nisha Iyer,ECE-A,25,24,57,59,61,45.2,F,Fail
ST0510,Akash Menon,CSE-A,98,89,46,43,44,64.0,C,Pass
ST0511,Aishwarya Kapoor,IT-A,51,23,34,63,76,49.4,F,Fail
ST0512,Ananya Rao,IT-B,70,58,80,79,74,72.2,B,Pass
ST0513,Rohit Menon,CSE-A,94,54,40,81,35,60.8,C,Pass
ST0514,Karthik Singh,IT-B,77,20,65,36,33,46.2,F,Fail
ST0515,Rohit Kumar,IT-B,45,43,88,84,58,63.6,C,Pass
ST0516,Kavya Agarwal,IT-A,65,76,25,76,47,57.8,D,Fail
ST0517,Akash Rao,CSE-B,48,89,57,74,70,67.6,C,Pass
ST0518,Sneha Mishra,ECE-A,23,60,81,72,68,60.8,C,Fail
ST0519,Sneha Agarwal,ECE-A,100,73,81,75,28,71.4,B,Fail
ST0520,Ajay Sharma,IT-A,32,65,97,28,77,59.8,D,Fail
ST0521,Kavya Kapoor,IT-B,58,79,93,41,64,67.0,C,Pass
ST0522,Kavya Reddy,CSE-A,34,79,65,32,41,50.2,D,Fail
ST0523,Rohit Verma,IT-B,48,76,32,67,51,54.8,D,Fail
ST0524,Rahul Chopra,IT-A,48,50,22,37,88,49.0,F,Fail
ST0525,Karthik Reddy,ECE-A,94,43,25,95,88,69.0,C,Fail
ST0526,Rahul Jain,IT-B,51,55,27,59,61,50.6,D,Fail
ST0527,Karthik Rao,ECE-A,21,49,63,36,72,48.2,F,Fail
ST0528,Rohit Jain,CSE-A,66,43,52,34,78,54.6,D,Fail
ST0529,Ananya Chopra,ECE-A,97,49,100,34,93,74.6,B,Fail
ST0530,Divya Iyer,ECE-A,41,26,94,98,58,63.4,C,Fail
ST0531,Lakshmi Iyer,CSE-B,94,54,96,82,34,72.0,B,Fail
ST0532,Divya Kapoor,CSE-B,46,74,69,58,90,67.4,C,Pass
ST0533,Sneha Patel,CSE-B,86,33,30,32,48,45.8,F,Fail
ST0534,Ajay Nair,ECE-A,100,29,47,100,22,59.6,D,Fail
ST0535,Lakshmi Sharma,IT-A,75,99,89,51,29,68.6,C,Fail
ST0536,Ananya Rao,ECE-A,40,35,60,28,48,42.2,F,Fail
ST0537,Ananya Joshi,IT-A,66,73,35,59,98,66.2,C,Pass
ST0538,Arjun Yadav,IT-A,99,96,87,39,54,75.0,B,Pass
ST0539,Vivek Singh,CSE-B,78,89,67,96,25,71.0,B,Fail
ST0540,Aishwarya Agarwal,IT-B,25,63,75,99,31,58.6,D,Fail
ST0541,Vivek Bose,CSE-A,38,92,83,92,57,72.4,B,Pass
ST0542,Pooja Nair,CSE-B,76,64,78,82,96,79.2,B,Pass
ST0543,Pooja Reddy,CSE-B,88,75,81,95,38,75.4,B,Pass
ST0544,Naveen Menon,IT-B,22,76,95,63,86,68.4,C,Fail
ST0545,Naveen Iyer,CSE-A,20,40,30,57,27,34.8,F,Fail
ST0546,Rohit Bose,ECE-A,77,87,37,79,27,61.4,C,Fail
ST0547,Kavya Iyer,ECE-A,57,69,38,90,66,64.0,C,Pass
ST0548,Ajay Verma,CSE-B,34,52,74,67,23,50.0,D,Fail
ST0549,Ajay Verma,CSE-A,53,26,45,37,70,46.2,F,Fail
ST0550,Priya Mishra,CSE-B,80,89,25,35,86,63.0,C,Fail
ST0551,Lakshmi Jain,IT-A,54,34,23,74,64,49.8,F,Fail
ST0552,Pooja Reddy,CSE-B,83,51,48,58,27,53.4,D,Fail
ST0553,Ajay Yadav,CSE-B,44,94,78,87,35,67.6,C,Pass
ST0554,Akash Joshi,ECE-A,43,39,36,78,96,58.4,D,Pass
ST0555,Vivek Verma,ECE-A,31,34,62,81,86,58.8,D,Fail
ST0556,Ajay Joshi,ECE-A,37,67,99,32,28,52.6,D,Fail
ST0557,Nisha Menon,IT-A,34,90,85,100,79,77.6,B,Fail
ST0558,Rohit Patel,ECE-A,99,40,53,25,97,62.8,C,Fail
ST0559,Aishwarya Menon,CSE-A,46,61,27,96,96,65.2,C,Fail
ST0560,Akash Yadav,IT-B,91,45,32,79,90,67.4,C,Fail
ST0561,Akash Joshi,CSE-A,79,33,27,33,34,41.2,F,Fail
ST0562,Lakshmi Sharma,CSE-A,65,76,84,73,90,77.6,B,Pass
ST0563,Karthik Verma,ECE-A,36,56,62,23,60,47.4,F,Fail
ST0564,Priya Bose,IT-B,72,77,58,58,41,61.2,C,Pass
ST0565,Ananya Chopra,IT-B,27,40,100,91,43,60.2,C,Fail
ST0566,Rohit Joshi,IT-B,98,88,78,44,63,74.2,B,Pass
ST0567,Aishwarya Chopra,IT-A,46,22,63,96,20,49.4,F,Fail
ST0568,Arjun Iyer,ECE-A,65,56,28,51,29,45.8,F,Fail
ST0569,Nisha Chopra,IT-B,69,68,56,78,99,74.0,B,Pass
ST0570,Meera Singh,IT-A,90,38,93,82,91,78.8,B,Pass
ST0571,Sneha Kumar,CSE-B,22,31,55,57,75,48.0,F,Fail
ST0572,Lakshmi Mishra,CSE-B,83,80,47,72,69,70.2,B,Pass
ST0573,Ananya Bose,IT-A,63,60,61,86,31,60.2,C,Fail
ST0574,Arjun Singh,IT-A,72,52,62,47,100,66.6,C,Pass
ST0575,Divya Joshi,ECE-A,43,69,61,22,79,54.8,D,Fail
ST0576,Rahul Kapoor,ECE-A,79,87,85,99,45,79.0,B,Pass
ST0577,Pooja Gupta,CSE-B,22,90,74,41,97,64.8,C,Fail
ST0578,Kavya Jain,IT-B,39,52,91,57,60,59.8,D,Pass
ST0579,Arjun Agarwal,CSE-B,65,100,67,91,55,75.6,B,Pass
ST0580,Sanjay Verma,IT-B,34,43,41,91,42,50.2,D,Fail
ST0581,Pooja Verma,IT-B,44,80,46,81,62,62.6,C,Pass
ST0582,Rohit Joshi,ECE-A,97,80,86,76,25,72.8,B,Fail
ST0583,Rahul Patel,CSE-A,90,47,32,25,88,56.4,D,Fail
ST0584,Ajay Reddy,CSE-A,36,77,64,97,62,67.2,C,Pass
ST0585,Kavya Iyer,IT-A,28,62,29,51,44,42.8,F,Fail
ST0586,Karthik Jain,ECE-A,57,60,28,29,37,42.2,F,Fail
ST0587,Arjun Reddy,IT-B,67,58,73,22,81,60.2,C,Fail
ST0588,Karthik Sharma,CSE-A,79,68,46,78,32,60.6,C,Fail
ST0589,Meera Jain,IT-B,82,36,53,95,62,65.6,C,Pass
ST0590,Sneha Mishra,CSE-A,21,89,20,68,97,59.0,D,Fail
ST0591,Arjun Verma,CSE-A,91,89,51,78,47,71.2,B,Pass
ST0592,Akash Menon,CSE-A,30,84,90,50,37,58.2,D,Fail
ST0593,Arjun Patel,ECE-A,83,93,86,88,78,85.6,A,Pass
ST0594,Aishwarya Das,CSE-B,96,24,39,81,79,63.8,C,Fail
ST0595,Priya Chopra,IT-B,100,21,54,71,82,65.6,C,Fail
ST0596,Varun Rao,ECE-A,91,41,97,60,76,73.0,B,Pass
ST0597,Naveen Iyer,ECE-A,40,76,36,50,70,54.4,D,Pass
ST0598,Divya Mishra,ECE-A,37,85,37,41,75,55.0,D,Pass
ST0599,Lakshmi Kapoor,ECE-A,83,93,64,23,46,61.8,C,Fail
ST0600,Sneha Singh,ECE-A,57,35,72,32,51,49.4,F,Fail
ST0601,Ananya Kumar,IT-A,51,70,87,64,28,60.0,C,Fail
ST0602,Lakshmi Das,IT-B,30,58,84,61,87,64.0,C,Fail
ST0603,Sneha Patel,ECE-A,64,95,20,68,65,62.4,C,Fail
ST0604,Aishwarya Jain,IT-B,52,59,77,39,86,62.6,C,Pass
ST0605,Kavya Menon,IT-A,60,57,45,96,45,60.6,C,Pass
ST0606,Ajay Yadav,IT-A,27,79,39,100,27,54.4,D,Fail
ST0607,Varun Kapoor,IT-B,30,78,29,73,25,47.0,F,Fail
ST0608,Akash Singh,CSE-A,70,29,78,55,99,66.2,C,Fail
ST0609,Vivek Patel,CSE-B,60,83,94,20,43,60.0,C,Fail
ST0610,Rohit Chopra,CSE-A,36,82,60,34,67,55.8,D,Fail
ST0611,Vivek Verma,CSE-A,95,68,24,96,64,69.4,C,Fail
ST0612,Ananya Yadav,CSE-A,65,83,84,36,32,60.0,C,Fail
ST0613,Nisha Mishra,ECE-A,51,51,36,43,88,53.8,D,Pass
ST0614,Ajay Iyer,IT-A,98,26,41,77,44,57.2,D,Fail
ST0615,Arjun Patel,CSE-A,99,40,60,91,39,65.8,C,Pass
ST0616,Arjun Jain,IT-A,73,39,87,42,85,65.2,C,Pass
ST0617,Arjun Kumar,IT-B,39,45,88,65,93,66.0,C,Pass
ST0618,Karthik Verma,CSE-B,52,87,30,91,64,64.8,C,Fail
ST0619,Nisha Patel,IT-B,93,34,75,27,66,59.0,D,Fail
ST0620,Ajay Reddy,IT-B,59,98,70,78,82,77.4,B,Pass
ST0621,Nisha Chopra,ECE-A,51,33,40,78,95,59.4,D,Fail
ST0622,Priya Kumar,CSE-B,21,46,95,32,96,58.0,D,Fail
ST0623,Rahul Iyer,IT-B,52,59,45,58,74,57.6,D,Pass
ST0624,Kavya Bose,IT-B,96,77,38,47,94,70.4,B,Pass
ST0625,Nisha Reddy,CSE-B,49,47,79,80,38,58.6,D,Pass
ST0626,Varun Gupta,CSE-B,52,45,90,35,54,55.2,D,Pass
ST0627,Akash Gupta,IT-B,96,82,66,21,72,67.4,C,Fail
ST0628,Aishwarya Rao,CSE-B,45,85,90,36,45,60.2,C,Pass
ST0629,Kavya Chopra,IT-B,41,44,45,49,33,42.4,F,Fail
ST0630,Priya Verma,IT-B,85,22,59,32,64,52.4,D,Fail
ST0631,Kavya Singh,ECE-A,57,91,24,32,63,53.4,D,Fail
ST0632,Varun Verma,CSE-A,65,63,40,62,84,62.8,C,Pass
ST0633,Pooja Patel,IT-B,34,61,97,40,70,60.4,C,Fail
ST0634,Priya Singh,IT-A,63,25,23,74,62,49.4,F,Fail
ST0635,Priya Yadav,CSE-A,68,58,42,100,42,62.0,C,Pass
ST0636,Aishwarya Bose,CSE-A,94,71,34,59,75,66.6,C,Fail
ST0637,Rahul Sharma,CSE-A,80,42,27,34,38,44.2,F,Fail
ST0638,Pooja Verma,ECE-A,86,69,60,92,95,80.4,A,Pass
ST0639,Ananya Singh,IT-B,25,62,38,71,74,54.0,D,Fail
ST0640,Vivek Agarwal,ECE-A,28,38,65,93,79,60.6,C,Fail
ST0641,Sneha Reddy,IT-B,25,88,47,72,78,62.0,C,Fail
ST0642,Rohit Mishra,ECE-A,92,70,87,71,52,74.4,B,Pass
ST0643,Arjun Agarwal,ECE-A,51,30,34,49,38,40.4,F,Fail
ST0644,Akash Patel,IT-A,60,31,56,52,47,49.2,F,Fail
ST0645,Ajay Agarwal,ECE-A,95,93,20,76,71,71.0,B,Fail
ST0646,Aishwarya Chopra,CSE-B,27,27,86,71,68,55.8,D,Fail
ST0647,Ananya Agarwal,IT-A,91,43,43,28,56,52.2,D,Fail
ST0648,Lakshmi Mishra,ECE-A,69,60,46,73,45,58.6,D,Pass
ST0649,Priya Kumar,CSE-A,81,55,59,20,59,54.8,D,Fail
ST0650,Rohit Menon,CSE-B,81,91,82,63,99,83.2,A,Pass
ST0651,Vivek Patel,CSE-B,26,74,80,94,57,66.2,C,Fail
ST0652,Rohit Mishra,CSE-B,94,28,55,99,96,74.4,B,Fail
ST0653,Divya Reddy,IT-A,99,66,43,28,73,61.8,C,Fail
ST0654,Rahul Chopra,ECE-A,23,34,43,51,41,38.4,F,Fail
ST0655,Kavya Reddy,ECE-A,25,67,23,34,35,36.8,F,Fail
ST0656,Kavya Verma,CSE-A,77,61,86,31,47,60.4,C,Fail
ST0657,Naveen Bose,CSE-A,41,79,53,97,54,64.8,C,Pass
ST0658,Varun Rao,CSE-B,45,89,76,76,79,73.0,B,Pass
ST0659,Karthik Chopra,CSE-A,22,31,68,27,64,42.4,F,Fail
ST0660,Sanjay Joshi,IT-A,60,21,72,91,65,61.8,C,Fail
ST0661,Ajay Agarwal,ECE-A,79,26,42,46,91,56.8,D,Fail
ST0662,Naveen Kapoor,CSE-B,33,99,88,81,74,75.0,B,Fail
ST0663,Sneha Patel,CSE-A,94,22,72,31,45,52.8,D,Fail
ST0664,Varun Gupta,IT-A,31,22,81,84,44,52.4,D,Fail
ST0665,Vivek Mishra,IT-A,31,46,60,61,84,56.4,D,Fail
ST0666,Aishwarya Kapoor,CSE-A,32,59,76,81,25,54.6,D,Fail
ST0667,Rahul Mishra,ECE-A,44,52,79,30,42,49.4,F,Fail
ST0668,Karthik Kapoor,CSE-A,64,20,73,62,83,60.4,C,Fail
ST0669,Sneha Rao,CSE-B,38,27,89,36,62,50.4,D,Fail
ST0670,Vivek Rao,CSE-A,74,51,76,51,42,58.8,D,Pass
ST0671,Meera Yadav,IT-A,64,67,29,59,49,53.6,D,Fail
ST0672,Kavya Das,CSE-A,27,23,59,42,96,49.4,F,Fail
ST0673,Divya Reddy,ECE-A,72,89,26,75,37,59.8,D,Fail
ST0674,Divya Reddy,IT-B,74,38,57,25,98,58.4,D,Fail
ST0675,Vivek Patel,CSE-A,51,51,80,69,40,58.2,D,Pass
ST0676,Arjun Singh,ECE-A,70,28,22,56,76,50.4,D,Fail
ST0677,Varun Kumar,ECE-A,63,31,70,83,42,57.8,D,Fail
ST0678,Akash Jain,IT-A,89,30,66,73,64,64.4,C,Fail
ST0679,Varun Rao,ECE-A,37,65,87,91,63,68.6,C,Pass
ST0680,Sneha Kapoor,ECE-A,41,35,95,68,66,61.0,C,Pass
ST0681,Arjun Kapoor,ECE-A,56,20,57,30,59,44.4,F,Fail
ST0682,Ananya Joshi,ECE-A,75,82,55,68,70,70.0,B,Pass
ST0683,Naveen Joshi,CSE-B,78,40,60,40,61,55.8,D,Pass
ST0684,Arjun Patel,CSE-B,22,49,88,85,26,54.0,D,Fail
ST0685,Akash Agarwal,IT-A,47,32,32,82,69,52.4,D,Fail
ST0686,Nisha Singh,CSE-A,93,53,77,47,67,67.4,C,Pass
ST0687,Rohit Iyer,ECE-A,54,23,69,36,25,41.4,F,Fail
ST0688,Sneha Yadav,CSE-A,80,47,49,25,28,45.8,F,Fail
ST0689,Varun Yadav,CSE-A,73,78,81,38,76,69.2,C,Pass
ST0690,Sneha Verma,IT-A,82,46,44,75,50,59.4,D,Pass
ST0691,Akash Iyer,ECE-A,98,88,46,47,40,63.8,C,Pass
ST0692,Vivek Jain,ECE-A,26,44,70,85,59,56.8,D,Fail
ST0693,Naveen Chopra,IT-B,95,22,97,57,64,67.0,C,Fail
ST0694,Varun Sharma,CSE-A,68,87,76,56,96,76.6,B,Pass
ST0695,Naveen Verma,CSE-A,50,44,66,87,68,63.0,C,Pass
ST0696,Priya Nair,CSE-B,77,39,58,68,39,56.2,D,Pass
ST0697,Meera Joshi,IT-B,80,53,35,62,36,53.2,D,Pass
ST0698,Rahul Yadav,CSE-B,43,45,41,55,47,46.2,F,Pass
ST0699,Priya Nair,CSE-B,39,24,73,77,60,54.6,D,Fail
ST0700,Kavya Bose,CSE-B,56,80,40,32,85,58.6,D,Fail
ST0701,Karthik Reddy,IT-A,23,28,91,71,44,51.4,D,Fail
ST0702,Kavya Sharma,IT-A,39,69,35,77,77,59.4,D,Pass
ST0703,Divya Agarwal,CSE-B,79,25,78,51,60,58.6,D,Fail
ST0704,Nisha Menon,IT-B,43,79,50,100,25,59.4,D,Fail
ST0705,Vivek Mishra,CSE-A,69,63,61,79,94,73.2,B,Pass
ST0706,Rahul Nair,IT-B,68,30,93,77,57,65.0,C,Fail
ST0707,Arjun Joshi,ECE-A,70,85,51,75,25,61.2,C,Fail
ST0708,Rahul Bose,IT-A,55,66,78,47,64,62.0,C,Pass
ST0709,Naveen Reddy,CSE-A,85,92,53,20,94,68.8,C,Fail
ST0710,Ananya Singh,CSE-A,98,22,28,61,33,48.4,F,Fail
ST0711,Pooja Chopra,ECE-A,53,95,100,67,85,80.0,A,Pass
ST0712,Ananya Reddy,ECE-A,55,49,30,59,59,50.4,D,Fail
ST0713,Meera Mishra,CSE-B,25,40,29,82,22,39.6,F,Fail
ST0714,Vivek Das,IT-A,58,47,36,95,43,55.8,D,Pass
ST0715,Naveen Mishra,IT-A,61,81,87,91,38,71.6,B,Pass
ST0716,Vivek Verma,IT-B,77,52,67,99,37,66.4,C,Pass
ST0717,Nisha Agarwal,CSE-B,31,54,71,23,83,52.4,D,Fail
ST0718,Sneha Yadav,CSE-B,22,71,44,57,54,49.6,F,Fail
ST0719,Vivek Patel,CSE-B,37,53,40,46,81,51.4,D,Pass
ST0720,Lakshmi Bose,CSE-B,59,60,84,28,20,50.2,D,Fail
ST0721,Rohit Agarwal,IT-A,40,70,82,35,44,54.2,D,Pass
ST0722,Lakshmi Kumar,IT-A,34,66,70,75,64,61.8,C,Fail
ST0723,Aishwarya Menon,CSE-B,45,77,55,95,68,68.0,C,Pass
ST0724,Naveen Kumar,IT-B,27,94,100,50,35,61.2,C,Fail
ST0725,Priya Gupta,CSE-A,61,76,85,33,38,58.6,D,Fail
ST0726,Lakshmi Gupta,CSE-A,63,42,34,44,42,45.0,F,Fail
ST0727,Kavya Verma,IT-B,33,67,58,53,44,51.0,D,Fail
ST0728,Lakshmi Rao,CSE-B,97,41,89,86,35,69.6,C,Pass
ST0729,Sneha Sharma,IT-A,21,36,20,43,73,38.6,F,Fail
ST0730,Rohit Kapoor,CSE-A,56,88,42,92,92,74.0,B,Pass
ST0731,Pooja Singh,ECE-A,88,30,58,45,20,48.2,F,Fail
ST0732,Karthik Jain,ECE-A,57,34,76,39,61,53.4,D,Fail
ST0733,Aishwarya Agarwal,IT-B,60,54,100,83,38,67.0,C,Pass
ST0734,Varun Yadav,CSE-B,81,52,53,29,53,53.6,D,Fail
ST0735,Divya Menon,CSE-A,79,35,60,86,99,71.8,B,Pass
ST0736,Ananya Kapoor,CSE-B,33,53,92,43,74,59.0,D,Fail
ST0737,Priya Mishra,CSE-A,21,85,32,24,37,39.8,F,Fail
ST0738,Divya Rao,IT-B,89,59,89,86,53,75.2,B,Pass
ST0739,Akash Kapoor,IT-B,36,47,25,77,64,49.8,F,Fail
ST0740,Akash Menon,ECE-A,47,66,71,46,25,51.0,D,Fail
ST0741,Vivek Joshi,CSE-B,85,58,22,99,40,60.8,C,Fail
ST0742,Sneha Menon,ECE-A,54,89,100,34,89,73.2,B,Fail
ST0743,Priya Rao,CSE-B,24,92,82,54,67,63.8,C,Fail
ST0744,Pooja Chopra,ECE-A,84,39,68,95,58,68.8,C,Pass
ST0745,Ajay Yadav,IT-A,59,20,95,72,50,59.2,D,Fail
ST0746,Divya Kapoor,IT-A,95,91,66,63,29,68.8,C,Fail
ST0747,Sneha Iyer,IT-A,75,82,74,45,49,65.0,C,Pass
ST0748,Vivek Bose,IT-A,55,86,83,66,37,65.4,C,Pass
ST0749,Karthik Agarwal,CSE-A,64,23,84,53,79,60.6,C,Fail
ST0750,Divya Menon,IT-A,42,77,100,69,92,76.0,B,Pass
ST0751,Lakshmi Rao,IT-B,66,44,86,31,34,52.2,D,Fail
ST0752,Aishwarya Rao,IT-B,50,66,34,23,23,39.2,F,Fail
ST0753,Pooja Reddy,CSE-A,30,57,51,67,82,57.4,D,Fail
ST0754,Sanjay Patel,IT-A,29,34,87,74,59,56.6,D,Fail
ST0755,Sanjay Agarwal,IT-A,86,82,37,20,28,50.6,D,Fail
ST0756,Nisha Yadav,IT-A,33,40,62,85,28,49.6,F,Fail
ST0757,Arjun Singh,ECE-A,99,76,54,49,45,64.6,C,Pass
ST0758,Aishwarya Patel,CSE-B,93,72,97,22,23,61.4,C,Fail
ST0759,Kavya Verma,ECE-A,29,65,77,40,100,62.2,C,Fail
ST0760,Nisha Nair,CSE-B,95,33,52,68,35,56.6,D,Fail
ST0761,Naveen Singh,IT-A,20,95,33,81,34,52.6,D,Fail
ST0762,Divya Nair,IT-A,24,36,53,57,71,48.2,F,Fail
ST0763,Rohit Mishra,ECE-A,39,58,80,34,88,59.8,D,Fail
ST0764,Akash Bose,ECE-A,27,28,23,71,24,34.6,F,Fail
ST0765,Ajay Bose,CSE-B,62,96,78,98,39,74.6,B,Pass
ST0766,Naveen Rao,IT-B,95,98,48,65,98,80.8,A,Pass
ST0767,Rahul Singh,CSE-B,20,25,25,44,37,30.2,F,Fail
ST0768,Ajay Reddy,ECE-A,76,42,68,40,21,49.4,F,Fail
ST0769,Rohit Mishra,ECE-A,83,78,59,24,32,55.2,D,Fail
ST0770,Lakshmi Verma,CSE-A,47,65,84,89,23,61.6,C,Fail
ST0771,Akash Kumar,ECE-A,56,57,88,66,61,65.6,C,Pass
ST0772,Arjun Agarwal,CSE-A,66,33,46,87,93,65.0,C,Fail
ST0773,Divya Joshi,IT-B,95,91,99,37,80,80.4,A,Pass
ST0774,Ajay Mishra,CSE-B,56,81,25,40,27,45.8,F,Fail
ST0775,Ananya Kumar,CSE-B,68,54,32,42,86,56.4,D,Fail
ST0776,Arjun Joshi,CSE-A,63,38,83,83,82,69.8,C,Pass
ST0777,Divya Reddy,CSE-B,75,49,81,86,28,63.8,C,Fail
ST0778,Naveen Chopra,ECE-A,47,97,38,59,30,54.2,D,Fail
ST0779,Sanjay Menon,IT-A,98,44,95,29,61,65.4,C,Fail
ST0780,Ajay Bose,CSE-A,25,59,99,71,32,57.2,D,Fail
ST0781,Varun Kumar,CSE-B,80,33,62,91,55,64.2,C,Fail
ST0782,Ajay Bose,CSE-A,39,45,93,94,32,60.6,C,Fail
ST0783,Nisha Rao,CSE-A,97,41,39,80,31,57.6,D,Fail
ST0784,Naveen Das,IT-A,21,67,87,83,56,62.8,C,Fail
ST0785,Sanjay Singh,ECE-A,92,70,63,24,93,68.4,C,Fail
ST0786,Ananya Mishra,CSE-A,56,22,42,72,92,56.8,D,Fail
ST0787,Sneha Rao,CSE-B,39,61,21,74,71,53.2,D,Fail
ST0788,Divya Agarwal,IT-B,45,38,41,56,90,54.0,D,Pass
ST0789,Pooja Kumar,CSE-A,48,92,76,75,21,62.4,C,Fail
ST0790,Aishwarya Mishra,CSE-A,20,47,91,78,75,62.2,C,Fail
ST0791,Ajay Agarwal,IT-A,54,64,26,88,79,62.2,C,Fail
ST0792,Sanjay Chopra,ECE-A,89,90,97,92,42,82.0,A,Pass
ST0793,Pooja Yadav,IT-B,78,97,75,78,59,77.4,B,Pass
ST0794,Arjun Joshi,CSE-B,88,82,86,21,83,72.0,B,Fail
ST0795,Karthik Kapoor,IT-B,52,92,35,84,42,61.0,C,Pass
ST0796,Rahul Chopra,CSE-B,70,38,70,79,48,61.0,C,Pass
ST0797,Ananya Rao,ECE-A,97,66,99,70,97,85.8,A,Pass
ST0798,Divya Rao,CSE-B,31,33,91,49,70,54.8,D,Fail
ST0799,Sneha Jain,IT-A,39,57,31,30,88,49.0,F,Fail
ST0800,Karthik Joshi,IT-A,72,72,72,95,50,72.2,B,Pass
ST0801,Meera Chopra,IT-A,62,80,94,58,69,72.6,B,Pass
ST0802,Kavya Rao,IT-A,69,55,24,96,39,56.6,D,Fail
ST0803,Divya Bose,IT-B,48,59,46,91,74,63.6,C,Pass
ST0804,Kavya Yadav,ECE-A,76,100,31,82,100,77.8,B,Fail
ST0805,Lakshmi Menon,CSE-B,58,49,36,83,21,49.4,F,Fail
ST0806,Kavya Chopra,CSE-B,75,28,25,80,44,50.4,D,Fail
ST0807,Divya Joshi,IT-A,62,83,24,73,32,54.8,D,Fail
ST0808,Varun Menon,IT-A,69,52,76,92,89,75.6,B,Pass
ST0809,Rahul Singh,CSE-A,42,71,47,77,86,64.6,C,Pass
ST0810,Sanjay Reddy,ECE-A,63,33,97,75,77,69.0,C,Fail
ST0811,Vivek Agarwal,IT-B,57,94,88,53,94,77.2,B,Pass
ST0812,Arjun Sharma,CSE-B,42,72,78,50,83,65.0,C,Pass
ST0813,Arjun Joshi,CSE-A,64,78,52,71,88,70.6,B,Pass
ST0814,Pooja Gupta,CSE-A,71,97,81,95,78,84.4,A,Pass
ST0815,Rahul Das,CSE-B,99,60,69,20,79,65.4,C,Fail
ST0816,Nisha Iyer,IT-B,69,87,38,74,81,69.8,C,Pass
ST0817,Kavya Singh,CSE-A,27,87,88,41,35,55.6,D,Fail
ST0818,Divya Joshi,CSE-A,20,27,85,59,87,55.6,D,Fail
ST0819,Sneha Agarwal,ECE-A,27,21,66,20,34,33.6,F,Fail
ST0820,Varun Agarwal,IT-B,48,60,58,84,74,64.8,C,Pass
ST0821,Ananya Rao,CSE-A,24,74,87,82,54,64.2,C,Fail
ST0822,Naveen Singh,IT-B,66,35,52,73,74,60.0,C,Pass
ST0823,Naveen Menon,CSE-B,53,81,32,61,33,52.0,D,Fail
ST0824,Kavya Nair,IT-A,84,67,73,40,68,66.4,C,Pass
ST0825,Pooja Chopra,CSE-A,74,49,26,98,26,54.6,D,Fail
ST0826,Pooja Mishra,ECE-A,62,31,98,100,49,68.0,C,Fail
ST0827,Ananya Kapoor,CSE-B,93,54,33,41,68,57.8,D,Fail
ST0828,Arjun Iyer,IT-B,49,30,38,57,35,41.8,F,Fail
ST0829,Ajay Chopra,CSE-B,36,83,73,99,70,72.2,B,Pass
ST0830,Lakshmi Mishra,CSE-A,45,69,39,27,91,54.2,D,Fail
ST0831,Aishwarya Jain,IT-B,27,40,48,81,99,59.0,D,Fail
ST0832,Aishwarya Joshi,IT-A,66,88,43,66,61,64.8,C,Pass
ST0833,Rohit Gupta,CSE-B,95,67,82,36,36,63.2,C,Pass
ST0834,Arjun Bose,CSE-A,91,39,93,36,82,68.2,C,Pass
ST0835,Ajay Mishra,ECE-A,65,86,76,32,64,64.6,C,Fail
ST0836,Lakshmi Menon,IT-B,87,63,27,36,96,61.8,C,Fail
ST0837,Sanjay Agarwal,CSE-B,52,52,81,57,26,53.6,D,Fail
ST0838,Vivek Nair,CSE-B,20,92,48,100,46,61.2,C,Fail
ST0839,Nisha Chopra,IT-A,38,80,93,97,29,67.4,C,Fail
ST0840,Kavya Verma,IT-A,50,28,36,64,53,46.2,F,Fail
ST0841,Ananya Das,ECE-A,99,87,85,25,55,70.2,B,Fail
ST0842,Arjun Jain,ECE-A,33,54,25,54,44,42.0,F,Fail
ST0843,Sneha Agarwal,CSE-A,72,100,77,33,25,61.4,C,Fail
ST0844,Sneha Joshi,CSE-A,67,84,88,91,43,74.6,B,Pass
ST0845,Divya Nair,ECE-A,88,27,47,80,37,55.8,D,Fail
ST0846,Meera Mishra,ECE-A,81,64,81,34,25,57.0,D,Fail
ST0847,Sanjay Singh,IT-B,85,66,60,73,48,66.4,C,Pass
ST0848,Vivek Reddy,IT-A,83,59,88,46,44,64.0,C,Pass
ST0849,Aishwarya Mishra,CSE-A,89,95,60,32,74,70.0,B,Fail
ST0850,Arjun Sharma,IT-A,82,73,68,50,100,74.6,B,Pass
ST0851,Vivek Kumar,IT-A,92,95,68,54,65,74.8,B,Pass
ST0852,Karthik Agarwal,ECE-A,52,65,95,79,43,66.8,C,Pass
ST0853,Arjun Iyer,IT-B,60,66,90,25,94,67.0,C,Fail
ST0854,Karthik Reddy,CSE-B,67,34,22,88,45,51.2,D,Fail
ST0855,Arjun Iyer,IT-B,32,38,29,77,47,44.6,F,Fail
ST0856,Priya Rao,IT-B,92,45,54,68,22,56.2,D,Fail
ST0857,Sneha Rao,IT-A,96,71,99,42,94,80.4,A,Pass
ST0858,Kavya Singh,IT-B,50,41,21,53,57,44.4,F,Fail
ST0859,Ananya Joshi,CSE-A,94,40,43,45,80,60.4,C,Pass
ST0860,Rohit Singh,IT-A,87,70,93,66,97,82.6,A,Pass
ST0861,Rohit Mishra,CSE-A,23,57,57,24,70,46.2,F,Fail
ST0862,Naveen Sharma,CSE-B,38,39,41,39,67,44.8,F,Pass
ST0863,Divya Sharma,IT-A,89,48,45,25,40,49.4,F,Fail
ST0864,Meera Gupta,CSE-B,32,70,62,89,73,65.2,C,Fail
ST0865,Kavya Jain,IT-A,42,23,74,78,75,58.4,D,Fail
ST0866,Naveen Agarwal,ECE-A,94,74,58,83,78,77.4,B,Pass
ST0867,Vivek Patel,IT-B,20,90,48,37,91,57.2,D,Fail
ST0868,Lakshmi Iyer,ECE-A,73,47,39,23,70,50.4,D,Fail
ST0869,Lakshmi Patel,CSE-B,90,23,60,36,39,49.6,F,Fail
ST0870,Ananya Iyer,IT-B,34,41,73,33,78,51.8,D,Fail
ST0871,Vivek Chopra,IT-A,84,95,39,97,90,81.0,A,Pass
ST0872,Ajay Reddy,IT-B,95,64,38,32,28,51.4,D,Fail
ST0873,Sneha Das,CSE-A,90,86,85,26,20,61.4,C,Fail
ST0874,Naveen Jain,IT-B,34,85,49,63,48,55.8,D,Fail
ST0875,Priya Agarwal,CSE-A,40,53,72,34,82,56.2,D,Fail
ST0876,Akash Iyer,IT-B,38,74,53,38,91,58.8,D,Pass
ST0877,Kavya Joshi,CSE-A,79,20,41,82,75,59.4,D,Fail
ST0878,Vivek Sharma,CSE-B,52,91,86,54,87,74.0,B,Pass
ST0879,Naveen Yadav,ECE-A,68,57,25,100,54,60.8,C,Fail
ST0880,Aishwarya Bose,IT-A,54,25,98,54,22,50.6,D,Fail
ST0881,Vivek Nair,IT-B,63,44,46,38,26,43.4,F,Fail
ST0882,Divya Agarwal,ECE-A,30,36,29,39,46,36.0,F,Fail
ST0883,Arjun Reddy,IT-A,91,80,92,54,20,67.4,C,Fail
ST0884,Sanjay Jain,IT-A,97,31,67,51,99,69.0,C,Fail
ST0885,Sanjay Agarwal,CSE-A,93,25,89,67,90,72.8,B,Fail
ST0886,Varun Sharma,CSE-B,85,46,78,63,63,67.0,C,Pass
ST0887,Karthik Das,CSE-B,65,27,78,43,60,54.6,D,Fail
ST0888,Ananya Menon,ECE-A,28,84,21,80,94,61.4,C,Fail
ST0889,Arjun Verma,CSE-B,22,76,48,36,61,48.6,F,Fail
ST0890,Priya Yadav,IT-B,45,59,87,90,52,66.6,C,Pass
ST0891,Divya Yadav,CSE-B,91,33,84,69,69,69.2,C,Fail
ST0892,Aishwarya Patel,ECE-A,67,54,45,84,82,66.4,C,Pass
ST0893,Akash Rao,CSE-B,85,67,29,51,56,57.6,D,Fail
ST0894,Kavya Kumar,IT-B,89,75,72,55,78,73.8,B,Pass
ST0895,Arjun Jain,CSE-A,47,68,98,32,100,69.0,C,Fail
ST0896,Rahul Nair,ECE-A,45,32,78,89,67,62.2,C,Fail
ST0897,Ajay Das,CSE-A,44,80,41,77,24,53.2,D,Fail
ST0898,Pooja Singh,CSE-A,31,68,70,33,67,53.8,D,Fail
ST0899,Divya Mishra,CSE-A,24,65,67,56,22,46.8,F,Fail
ST0900,Ananya Joshi,IT-A,67,81,40,98,66,70.4,B,Pass
ST0901,Nisha Kumar,IT-A,56,27,41,87,81,58.4,D,Fail
ST0902,Nisha Kumar,CSE-A,98,62,49,59,33,60.2,C,Fail
ST0903,Rahul Joshi,ECE-A,63,39,44,78,82,61.2,C,Pass
ST0904,Sanjay Menon,IT-B,34,58,47,99,80,63.6,C,Fail
ST0905,Varun Das,IT-B,62,68,84,35,50,59.8,D,Pass
ST0906,Meera Kumar,CSE-B,67,83,64,81,36,66.2,C,Pass
ST0907,Nisha Joshi,ECE-A,89,81,87,23,43,64.6,C,Fail
ST0908,Arjun Kumar,IT-A,65,73,26,64,42,54.0,D,Fail
ST0909,Rahul Verma,CSE-A,62,28,68,47,69,54.8,D,Fail
ST0910,Sneha Yadav,CSE-B,40,56,28,85,97,61.2,C,Fail
ST0911,Vivek Menon,IT-B,42,68,55,50,98,62.6,C,Pass
ST0912,Ajay Menon,IT-A,99,60,20,22,98,59.8,D,Fail
ST0913,Rahul Nair,IT-A,66,36,29,27,89,49.4,F,Fail
ST0914,Rohit Das,CSE-A,34,40,55,43,46,43.6,F,Fail
ST0915,Arjun Agarwal,IT-B,44,70,92,34,34,54.8,D,Fail
ST0916,Meera Reddy,ECE-A,55,78,65,62,69,65.8,C,Pass
ST0917,Vivek Reddy,IT-A,94,58,51,50,55,61.6,C,Pass
ST0918,Vivek Chopra,CSE-A,70,74,51,92,27,62.8,C,Fail
ST0919,Pooja Jain,ECE-A,34,60,25,64,98,56.2,D,Fail
ST0920,Lakshmi Rao,IT-B,87,58,67,85,22,63.8,C,Fail
ST0921,Sneha Reddy,IT-A,40,32,57,27,81,47.4,F,Fail
ST0922,Rahul Joshi,ECE-A,32,83,36,90,66,61.4,C,Fail
ST0923,Lakshmi Mishra,ECE-A,38,30,93,76,96,66.6,C,Fail
ST0924,Naveen Kapoor,ECE-A,53,38,46,99,80,63.2,C,Pass
ST0925,Pooja Mishra,IT-A,97,30,73,49,51,60.0,C,Fail
ST0926,Arjun Mishra,IT-A,87,96,69,93,32,75.4,B,Fail
ST0927,Ananya Yadav,CSE-B,71,65,54,37,20,49.4,F,Fail
ST0928,Naveen Kapoor,IT-B,46,64,44,88,53,59.0,D,Pass
ST0929,Meera Kumar,CSE-A,48,20,47,58,81,50.8,D,Fail
ST0930,Divya Menon,ECE-A,47,59,34,79,98,63.4,C,Fail
ST0931,Arjun Agarwal,CSE-B,54,38,23,62,97,54.8,D,Fail
ST0932,Pooja Sharma,CSE-A,27,95,92,64,90,73.6,B,Fail
ST0933,Kavya Chopra,CSE-B,35,91,46,42,50,52.8,D,Pass
ST0934,Ajay Kumar,IT-A,55,91,45,88,83,72.4,B,Pass
ST0935,Kavya Reddy,ECE-A,49,80,38,25,44,47.2,F,Fail
ST0936,Aishwarya Yadav,CSE-A,37,31,36,75,57,47.2,F,Fail
ST0937,Arjun Menon,CSE-A,21,80,62,23,33,43.8,F,Fail
ST0938,Akash Kumar,CSE-A,68,52,60,42,27,49.8,F,Fail
ST0939,Naveen Singh,CSE-A,96,64,61,25,73,63.8,C,Fail
ST0940,Ajay Yadav,CSE-A,23,88,69,51,21,50.4,D,Fail
ST0941,Arjun Mishra,CSE-B,94,27,59,37,100,63.4,C,Fail
ST0942,Divya Bose,ECE-A,26,44,58,34,97,51.8,D,Fail
ST0943,Kavya Agarwal,IT-A,93,65,42,59,75,66.8,C,Pass
ST0944,Arjun Menon,IT-A,58,49,71,92,80,70.0,B,Pass
ST0945,Rahul Verma,IT-A,32,66,66,93,41,59.6,D,Fail
ST0946,Aishwarya Patel,IT-A,50,68,82,25,54,55.8,D,Fail
ST0947,Priya Nair,CSE-B,90,66,88,82,35,72.2,B,Pass
ST0948,Rohit Agarwal,IT-B,82,37,62,86,69,67.2,C,Pass
ST0949,Karthik Jain,ECE-A,75,85,67,30,62,63.8,C,Fail
ST0950,Sneha Verma,CSE-A,61,87,53,62,36,59.8,D,Pass
ST0951,Meera Mishra,IT-B,80,52,59,36,99,65.2,C,Pass
ST0952,Nisha Chopra,IT-A,61,55,94,23,77,62.0,C,Fail
ST0953,Lakshmi Das,IT-B,75,38,80,82,21,59.2,D,Fail
ST0954,Nisha Patel,ECE-A,55,47,69,87,23,56.2,D,Fail
ST0955,Kavya Reddy,CSE-A,87,59,86,100,58,78.0,B,Pass
ST0956,Ajay Nair,CSE-A,26,95,81,60,25,57.4,D,Fail
ST0957,Ajay Reddy,ECE-A,73,34,77,24,100,61.6,C,Fail
ST0958,Rahul Yadav,ECE-A,20,60,52,51,88,54.2,D,Fail
ST0959,Divya Jain,IT-A,63,58,94,89,88,78.4,B,Pass
ST0960,Varun Joshi,CSE-A,64,21,35,54,39,42.6,F,Fail
ST0961,Lakshmi Nair,IT-B,66,82,67,41,83,67.8,C,Pass
ST0962,Pooja Yadav,CSE-B,32,48,29,84,35,45.6,F,Fail
ST0963,Sanjay Iyer,CSE-B,41,93,57,41,70,60.4,C,Pass
ST0964,Sneha Gupta,ECE-A,40,85,38,30,56,49.8,F,Fail
ST0965,Kavya Iyer,IT-A,28,70,55,96,92,68.2,C,Fail
ST0966,Rohit Sharma,CSE-B,45,94,78,22,88,65.4,C,Fail
ST0967,Arjun Jain,CSE-A,28,96,82,28,61,59.0,D,Fail
ST0968,Akash Yadav,ECE-A,34,29,96,79,76,62.8,C,Fail
ST0969,Ajay Jain,IT-B,29,33,65,95,85,61.4,C,Fail
ST0970,Kavya Chopra,ECE-A,61,70,22,33,28,42.8,F,Fail
ST0971,Divya Reddy,IT-B,91,92,93,37,83,79.2,B,Pass
ST0972,Lakshmi Menon,ECE-A,43,58,84,92,41,63.6,C,Pass
ST0973,Rohit Agarwal,ECE-A,99,47,27,42,53,53.6,D,Fail
ST0974,Vivek Kapoor,ECE-A,68,22,70,93,74,65.4,C,Fail
ST0975,Akash Reddy,IT-B,45,89,100,66,48,69.6,C,Pass
ST0976,Kavya Rao,IT-B,56,46,92,88,57,67.8,C,Pass
ST0977,Divya Mishra,ECE-A,87,21,25,66,37,47.2,F,Fail
ST0978,Ajay Agarwal,CSE-B,69,57,58,49,90,64.6,C,Pass
ST0979,Arjun Singh,IT-A,43,22,79,44,84,54.4,D,Fail
ST0980,Varun Bose,IT-A,38,35,47,47,20,37.4,F,Fail
ST0981,Pooja Singh,IT-A,79,59,73,44,23,55.6,D,Fail
ST0982,Vivek Agarwal,IT-B,58,21,56,93,23,50.2,D,Fail
ST0983,Ananya Patel,IT-B,93,100,28,97,46,72.8,B,Fail
ST0984,Sanjay Singh,CSE-B,37,60,75,77,62,62.2,C,Pass
ST0985,Lakshmi Nair,IT-A,38,31,78,60,78,57.0,D,Fail
ST0986,Pooja Rao,IT-A,55,54,21,44,51,45.0,F,Fail
ST0987,Aishwarya Yadav,ECE-A,93,84,80,97,52,81.2,A,Pass
ST0988,Sanjay Joshi,IT-B,74,74,77,67,47,67.8,C,Pass
ST0989,Divya Verma,IT-A,88,64,79,29,74,66.8,C,Fail
ST0990,Nisha Jain,CSE-B,66,98,59,94,79,79.2,B,Pass
ST0991,Meera Singh,CSE-B,68,81,55,30,89,64.6,C,Fail
ST0992,Lakshmi Chopra,IT-A,52,68,56,40,81,59.4,D,Pass
ST0993,Varun Reddy,IT-B,40,44,98,64,99,69.0,C,Pass
ST0994,Sanjay Nair,CSE-B,100,42,37,26,53,51.6,D,Fail
ST0995,Akash Bose,ECE-A,41,43,82,100,75,68.2,C,Pass
ST0996,Kavya Nair,CSE-B,67,57,41,83,32,56.0,D,Fail
ST0997,Naveen Chopra,CSE-A,56,47,30,83,75,58.2,D,Fail
ST0998,Rahul Bose,CSE-A,34,40,77,21,37,41.8,F,Fail
ST0999,Ananya Sharma,IT-B,54,73,76,95,73,74.2,B,Pass
ST1000,Divya Kumar,IT-A,90,37,96,61,96,76.0,B,Pass
